idx,bg_jobs,l0_files,stall_micros_total,batch_latency_ms,write_throughput_mb_s
0,2,7,0,7.27828,540.747
49,6,13,4536590,1345.07,2.93248
250,2,4,7167869,7.45269,529.77
351,6,13,7831906,324.851,12.1539
