bg_jobs,rounds,mean_latency_ms,p95_latency_ms,p99_latency_ms,overall_throughput_mb_s,mean_l0,stall_delta_sum_s
2,72,10.985042777777778,44.33029000000001,82.41043400000001,358.93581367982597,5.902777777777778,0.0
6,428,11.892021004672898,39.46183499999996,123.9995300000001,331.8716963353065,7.121495327102804,0.347384
