baseline_file,reference_file,mean_latency_ms_delta_pct,p95_latency_ms_delta_pct,p99_latency_ms_delta_pct,max_latency_ms_delta_pct,overall_throughput_mb_s_delta_pct,total_stall_s_delta_pct,process_cpu_total_sec_delta_pct,cpu_sec_per_mb_delta_pct
fixed2.csv,controller.csv,-26.433557475024937,-11.956032648861434,305.1151261935459,-85.19432033784197,35.931542382317886,-90.50904123212275,-0.724488169861265,-0.7244881698612634
fixed4.csv,controller.csv,-17.82458550281978,1.4959160497097526,106.89492641788738,-34.68467556311552,21.690898198549906,-85.82200859340688,-11.896635284052511,-11.896635284052508
fixed6.csv,controller.csv,-16.717693860353585,-10.962985892784303,9.522597517216381,-42.09065864464868,20.073524179699863,-86.18840849518524,-11.612972253611744,-11.612972253611737
