baseline,mean_latency_ms_delta_pct,p95_latency_ms_delta_pct,p99_latency_ms_delta_pct,max_latency_ms_delta_pct,overall_throughput_mb_s_delta_pct,total_stall_s_delta_pct
fixed2,-15.137198315802056,361.03615722674914,-56.98727982631192,-72.6596362135289,17.837259689036056,-87.22909283413968
fixed4,-15.980886747365586,10.037859742544567,-38.769754055628766,-69.72399522019177,19.02053726669688,-85.52443624374739
fixed6,13.391501349969593,73.71220430670857,37.30757397387024,-49.733734365966896,-11.809969169239842,10.221500210997924
