bg_jobs,rounds,mean_latency_ms,p95_latency_ms,p99_latency_ms,mean_throughput_mb_s,mean_l0,stall_delta_sum_s
2,150,46.759524,139.50224999999983,574.1527299999987,420.7218301333333,8.533333333333333,3.552089
6,350,41.74554011428571,137.97205000000005,461.4558399999986,405.7142534285714,8.14,5.533087
