bg_jobs,rounds,mean_latency_ms,p95_latency_ms,p99_latency_ms,overall_throughput_mb_s,mean_l0,stall_delta_sum_s,cpu_total_delta_sec,cpu_sec_per_mb
2,625,4.4870033984,8.144965999999968,34.799643999999994,433.4235482534822,5.6736,0.0,7.672645,0.00631242433789072
6,275,7.815662578181817,7.279471,132.8032999999997,191.7336857767436,7.138181818181818,0.0,3.0127599999999997,0.00731084573984784
