file,mean_latency_ms,p95_latency_ms,p99_latency_ms,max_latency_ms,overall_throughput_mb_s,total_stall_s,process_cpu_user_sec,process_cpu_sys_sec,process_cpu_total_sec,cpu_sec_per_mb,rows
controller.csv,4.780320664444445,6.4688279999999985,82.82138799999994,290.292,378.30509034881607,0.288595,6.573343,2.472455,9.045798000000001,0.005557828747033886,900
fixed2.csv,6.49796361,7.34727,20.443913999999985,1960.68,278.30559686051674,3.040736,6.742361,2.369451,9.111812,0.005598388408758224,900
fixed4.csv,5.817215153333334,6.373485999999994,40.0306519999997,444.447,310.8737760580717,2.035514,7.540193,2.7270630000000002,10.267256,0.006308304756524094,900
fixed6.csv,5.73989948888889,7.2653245,75.62036499999998,501.287,315.06120348616696,2.089513,7.482146,2.7521590000000002,10.234305,0.006288059332621912,900
