config,mean_latency_ms,p95_latency_ms,p99_latency_ms,max_latency_ms,mean_throughput_mb_s,total_stall_s,rows
fixed2,57.151398979999996,367.16139999999956,690.6229199999998,1507.3,453.62864801999996,22.488281,500
fixed4,52.03808627999999,317.90144999999984,634.8276699999998,1569.26,456.21386294,14.704276,500
fixed6,44.96497438,285.4639499999985,678.7098299999967,1237.13,483.51344738,15.49351,500
controller,43.24973528,139.8751999999998,536.8151199999996,1397.58,410.21652644000005,9.085176,500
